feedback_id,feedback_datetime,customer_id,feedback_text,digital_channel,page_or_feature,session_id,technical_information,device_information,digital_topic
ADF-2026-00001,2026-06-30 19:13:03,C10514,I would like a change to this digital banking feature.,Mobile Banking,,SES-121923,Slow response reported,Android Tablet,Feature Request
ADF-2025-00002,2025-11-01 14:17:53,C10017,Mobile deposit is not working the way I expect.,Online Banking,Login,SES-769111,Authentication error displayed,iPhone,Mobile Deposit
ADF-2025-00003,2025-03-12 06:59:27,C10095,Feedback about my digital banking experience.,Online Banking,,,Slow response reported,iPhone,General Feedback
ADF-2026-00004,2026-08-24 12:22:23,C10006,I had a problem using card controls.,Online Banking,Settings,SES-586404,Submission included diagnostic context,Desktop Browser,Card Controls
ADF-2026-00005,2026-04-29 17:12:38,C10156,I had a problem using card controls.,Online Banking,,SES-376744,,Android Phone,Card Controls
ADF-2026-00006,2026-05-04 19:52:19,C10502,I had a problem using card controls.,Mobile Banking,Settings,SES-207469,Timeout observed,iPad,Card Controls
ADF-2026-00007,2026-03-22 16:29:35,C10556,The digital banking experience is slow or unstable.,Mobile Banking,Mobile Deposit,SES-442266,,Android Tablet,Application Performance
ADF-2025-00008,2025-02-21 01:14:03,C10407,Feedback about my digital banking experience.,Online Banking,Mobile Deposit,SES-818488,Submission included diagnostic context,iPad,General Feedback
ADF-2025-00009,2025-06-25 01:12:50,C10287,I keep having trouble signing in.,Online Banking,Settings,SES-917598,,Android Phone,Authentication
ADF-2026-00010,2026-08-05 06:09:40,C10109,I had a problem using card controls.,Online Banking,Transfers,SES-805344,,Android Phone,Card Controls
ADF-2026-00011,2026-03-07 07:39:45,C10481,Bill pay is not working correctly for me.,Mobile Banking,,,Authentication error displayed,iPhone,Bill Pay
ADF-2025-00012,2025-09-27 18:25:17,C10212,Mobile deposit is not working the way I expect.,Online Banking,,SES-262097,Slow response reported,Android Phone,Mobile Deposit
ADF-2025-00013,2025-05-25 19:06:22,C10165,I would like a change to this digital banking feature.,Online Banking,Settings,SES-611602,No technical error captured,iPad,Feature Request
ADF-2025-00014,2025-03-27 18:08:29,C10264,The digital banking experience is slow or unstable.,Mobile Banking,Login,SES-172375,No technical error captured,Android Phone,Application Performance
ADF-2026-00015,2026-03-23 00:37:00,C10599,The digital banking experience is slow or unstable.,Mobile Banking,Mobile Deposit,SES-619569,Submission included diagnostic context,Android Tablet,Application Performance
ADF-2025-00016,2025-09-01 16:12:46,C10422,It is difficult to find what I need.,Online Banking,Login,SES-978841,Timeout observed,iPhone,Navigation / Usability
ADF-2026-00017,2026-07-05 02:14:54,C10098,Bill pay is not working correctly for me.,Online Banking,Transfers,SES-192069,,Desktop Browser,Bill Pay
ADF-2025-00018,2025-08-16 11:38:28,C10538,I had a problem using card controls.,Online Banking,Settings,SES-515253,Timeout observed,Android Tablet,Card Controls
ADF-2025-00019,2025-12-14 06:14:30,C10109,I keep having trouble signing in.,Mobile Banking,Card Management,SES-801669,Submission included diagnostic context,iPad,Authentication
ADF-2025-00020,2025-03-02 17:40:49,C10391,I would like a change to this digital banking feature.,Mobile Banking,,SES-269845,,Android Tablet,Feature Request
ADF-2025-00021,2025-05-20 16:25:26,C10137,The digital banking experience is slow or unstable.,Online Banking,Login,SES-610707,No technical error captured,iPad,Application Performance
ADF-2026-00022,2026-02-01 22:10:45,C10328,I would like a change to this digital banking feature.,Mobile Banking,General,,No technical error captured,iPhone,Feature Request
ADF-2025-00023,2025-05-06 15:37:53,C10400,I would like a change to this digital banking feature.,Mobile Banking,Settings,SES-299206,,iPad,Feature Request
ADF-2026-00024,2026-07-06 23:56:54,C10083,I keep having trouble signing in.,Mobile Banking,,SES-665060,,Android Tablet,Authentication
ADF-2025-00025,2025-08-09 08:22:08,C10460,Feedback about my digital banking experience.,Online Banking,,SES-788047,No technical error captured,Android Tablet,General Feedback
ADF-2025-00026,2025-03-22 14:08:32,C10402,I had a problem using card controls.,Online Banking,Mobile Deposit,SES-693405,Slow response reported,,Card Controls
ADF-2025-00027,2025-04-07 11:25:30,C10536,Mobile deposit is not working the way I expect.,Mobile Banking,,SES-858232,Timeout observed,iPhone,Mobile Deposit
ADF-2025-00028,2025-08-04 11:14:50,C10535,I would like a change to this digital banking feature.,Mobile Banking,Accounts Overview,SES-429606,,Desktop Browser,Feature Request
ADF-2025-00029,2025-11-24 10:35:27,C10412,It is difficult to find what I need.,Mobile Banking,,SES-291996,,iPhone,Navigation / Usability
ADF-2025-00030,2025-12-18 02:56:28,C10157,I would like a change to this digital banking feature.,Online Banking,Card Management,SES-916705,,iPad,Feature Request
ADF-2025-00031,2025-01-09 02:21:59,C10254,I would like a change to this digital banking feature.,Mobile Banking,Accounts Overview,SES-908024,No technical error captured,,Feature Request
ADF-2026-00032,2026-02-09 17:57:33,C10330,I keep having trouble signing in.,Mobile Banking,Accounts Overview,,,,Authentication
ADF-2025-00033,2025-11-21 10:26:07,C10543,Mobile deposit is not working the way I expect.,Online Banking,General,,Submission included diagnostic context,,Mobile Deposit
ADF-2025-00034,2025-05-23 12:12:41,C10499,I had a problem using card controls.,Online Banking,Bill Pay,SES-285514,,Desktop Browser,Card Controls
ADF-2025-00035,2025-01-10 02:38:13,C10497,Feedback about my digital banking experience.,Online Banking,Accounts Overview,SES-452652,Authentication error displayed,iPhone,General Feedback
ADF-2025-00036,2025-10-02 23:13:20,C10330,It is difficult to find what I need.,Mobile Banking,Accounts Overview,,Submission included diagnostic context,Desktop Browser,Navigation / Usability
ADF-2025-00037,2025-11-11 06:00:08,C10044,I keep having trouble signing in.,Online Banking,Mobile Deposit,SES-922171,Authentication error displayed,Android Phone,Authentication
ADF-2026-00038,2026-01-21 20:24:13,C10176,I am having trouble with a transfer.,Online Banking,Settings,SES-934815,Submission included diagnostic context,iPhone,Transfers
ADF-2025-00039,2025-08-18 15:30:06,C10451,I had a problem using card controls.,Online Banking,Bill Pay,SES-645747,Submission included diagnostic context,Android Phone,Card Controls
ADF-2026-00040,2026-07-14 12:28:52,C10140,I keep having trouble signing in.,Mobile Banking,Mobile Deposit,SES-931111,No technical error captured,iPad,Authentication
ADF-2025-00041,2025-11-17 05:16:02,C10357,I had a problem using card controls.,Online Banking,General,SES-745308,No technical error captured,iPad,Card Controls
ADF-2025-00042,2025-08-04 15:33:59,C10463,Bill pay is not working correctly for me.,Online Banking,Card Management,SES-186733,Authentication error displayed,,Bill Pay
ADF-2025-00043,2025-06-27 14:53:17,C10044,Mobile deposit is not working the way I expect.,Online Banking,Bill Pay,,,Android Phone,Mobile Deposit
ADF-2026-00044,2026-01-10 14:48:07,C10278,I had a problem using card controls.,Online Banking,Login,SES-873793,Timeout observed,Desktop Browser,Card Controls
ADF-2026-00045,2026-04-26 12:10:48,C10296,I would like a change to this digital banking feature.,Mobile Banking,Card Management,SES-363169,Timeout observed,Android Phone,Feature Request
ADF-2026-00046,2026-03-15 10:25:35,C10138,I keep having trouble signing in.,Mobile Banking,Settings,,,Android Tablet,Authentication
ADF-2025-00047,2025-07-23 21:04:15,C10016,I would like a change to this digital banking feature.,Online Banking,Bill Pay,SES-458007,Authentication error displayed,iPad,Feature Request
ADF-2026-00048,2026-08-09 21:59:39,C10161,The digital banking experience is slow or unstable.,Online Banking,Bill Pay,,,Desktop Browser,Application Performance
ADF-2026-00049,2026-01-07 06:37:25,C10390,I would like a change to this digital banking feature.,Mobile Banking,Login,,Timeout observed,Android Phone,Feature Request
ADF-2026-00050,2026-06-30 16:52:44,C10386,I had a problem using card controls.,Mobile Banking,Settings,SES-264351,Authentication error displayed,Android Tablet,Card Controls
ADF-2025-00051,2025-05-13 12:04:13,C10594,I would like a change to this digital banking feature.,Online Banking,,SES-863025,,,Feature Request
ADF-2025-00052,2025-10-30 10:33:39,C10557,I would like a change to this digital banking feature.,Online Banking,Settings,SES-632230,Timeout observed,Android Tablet,Feature Request
ADF-2026-00053,2026-04-12 02:36:55,C10312,It is difficult to find what I need.,Mobile Banking,Login,SES-187249,,iPhone,Navigation / Usability
ADF-2025-00054,2025-08-05 07:25:00,C10596,Mobile deposit is not working the way I expect.,Mobile Banking,Bill Pay,SES-950179,,iPhone,Mobile Deposit
ADF-2025-00055,2025-07-21 01:23:22,C10270,The digital banking experience is slow or unstable.,Online Banking,,SES-705063,Timeout observed,iPhone,Application Performance
ADF-2026-00056,2026-08-08 04:06:05,C10386,Bill pay is not working correctly for me.,Online Banking,Transfers,SES-717535,,,Bill Pay
ADF-2025-00057,2025-07-15 17:53:28,C10186,Mobile deposit is not working the way I expect.,Mobile Banking,,SES-445076,,Android Tablet,Mobile Deposit
ADF-2025-00058,2025-03-20 10:38:27,C10324,Feedback about my digital banking experience.,Mobile Banking,Accounts Overview,SES-485333,,,General Feedback
ADF-2026-00059,2026-01-09 19:00:55,C10376,It is difficult to find what I need.,Mobile Banking,Mobile Deposit,SES-821452,Authentication error displayed,Android Phone,Navigation / Usability
ADF-2025-00060,2025-02-19 06:19:14,C10384,Feedback about my digital banking experience.,Mobile Banking,Login,,,Desktop Browser,General Feedback
ADF-2026-00061,2026-07-18 09:22:50,C10079,I keep having trouble signing in.,Online Banking,Card Management,SES-974675,,Desktop Browser,Authentication
ADF-2025-00062,2025-09-15 10:37:34,C10469,Mobile deposit is not working the way I expect.,Mobile Banking,Accounts Overview,SES-167495,Submission included diagnostic context,Android Tablet,Mobile Deposit
ADF-2026-00063,2026-02-04 04:21:35,C10074,Bill pay is not working correctly for me.,Mobile Banking,Bill Pay,SES-110379,Submission included diagnostic context,Android Phone,Bill Pay
ADF-2025-00064,2025-02-05 03:03:20,C10276,It is difficult to find what I need.,Mobile Banking,Card Management,SES-246665,Timeout observed,iPhone,Navigation / Usability
ADF-2025-00065,2025-11-03 12:39:49,C10537,The digital banking experience is slow or unstable.,Online Banking,Mobile Deposit,SES-334792,Authentication error displayed,,Application Performance
ADF-2026-00066,2026-06-15 13:08:41,C10390,Bill pay is not working correctly for me.,Mobile Banking,Settings,,Slow response reported,iPhone,Bill Pay
ADF-2025-00067,2025-02-07 08:09:12,C10129,I keep having trouble signing in.,Online Banking,Card Management,SES-982985,Authentication error displayed,iPhone,Authentication
ADF-2026-00068,2026-06-16 20:57:21,C10270,I keep having trouble signing in.,Mobile Banking,Bill Pay,SES-986878,,Desktop Browser,Authentication
ADF-2025-00069,2025-05-15 01:33:23,C10048,I would like a change to this digital banking feature.,Online Banking,Login,,Slow response reported,Android Tablet,Feature Request
ADF-2025-00070,2025-11-03 19:04:55,C10335,I keep having trouble signing in.,Online Banking,,SES-634894,Authentication error displayed,Android Phone,Authentication
ADF-2025-00071,2025-01-18 02:46:45,C10510,Bill pay is not working correctly for me.,Online Banking,Transfers,,Submission included diagnostic context,iPad,Bill Pay
ADF-2026-00072,2026-02-15 14:58:02,C10159,Feedback about my digital banking experience.,Online Banking,General,SES-632622,,iPad,General Feedback
ADF-2025-00073,2025-02-08 20:17:43,C10140,Mobile deposit is not working the way I expect.,Mobile Banking,Transfers,SES-383905,,Android Phone,Mobile Deposit
ADF-2025-00074,2025-02-17 12:04:10,C10168,I am having trouble with a transfer.,Online Banking,Transfers,SES-732937,,iPhone,Transfers
ADF-2026-00075,2026-05-27 08:48:59,C10314,I had a problem using card controls.,Mobile Banking,General,,,Android Phone,Card Controls
ADF-2025-00076,2025-04-14 02:03:41,C10313,Mobile deposit is not working the way I expect.,Online Banking,Card Management,,,Android Tablet,Mobile Deposit
ADF-2026-00077,2026-04-05 22:35:00,C10332,It is difficult to find what I need.,Online Banking,Mobile Deposit,SES-799928,,iPad,Navigation / Usability
ADF-2026-00078,2026-08-12 12:43:25,C10010,Feedback about my digital banking experience.,Mobile Banking,,SES-101902,Timeout observed,Android Phone,General Feedback
ADF-2025-00079,2025-11-23 17:24:24,C10397,Bill pay is not working correctly for me.,Mobile Banking,Bill Pay,,,Android Phone,Bill Pay
ADF-2026-00080,2026-07-20 13:30:50,C10344,Mobile deposit is not working the way I expect.,Online Banking,Settings,SES-481789,No technical error captured,,Mobile Deposit
ADF-2025-00081,2025-01-04 17:21:32,C10361,I would like a change to this digital banking feature.,Mobile Banking,Mobile Deposit,SES-350428,Timeout observed,Android Phone,Feature Request
ADF-2025-00082,2025-04-30 09:22:22,C10088,I am having trouble with a transfer.,Mobile Banking,Transfers,SES-983655,Slow response reported,Android Tablet,Transfers
ADF-2025-00083,2025-08-30 14:39:02,C10541,I keep having trouble signing in.,Mobile Banking,,SES-115302,No technical error captured,,Authentication
ADF-2026-00084,2026-07-06 11:55:24,C10371,Bill pay is not working correctly for me.,Online Banking,Accounts Overview,,No technical error captured,,Bill Pay
ADF-2026-00085,2026-05-14 03:11:37,C10508,I keep having trouble signing in.,Online Banking,,,,Android Tablet,Authentication
ADF-2025-00086,2025-05-21 18:11:02,C10399,I would like a change to this digital banking feature.,Mobile Banking,Bill Pay,SES-431285,Timeout observed,iPhone,Feature Request
ADF-2025-00087,2025-11-22 06:25:07,C10207,I would like a change to this digital banking feature.,Online Banking,Accounts Overview,SES-197955,,Android Phone,Feature Request
ADF-2025-00088,2025-10-23 18:56:11,C10454,I am having trouble with a transfer.,Online Banking,Accounts Overview,SES-884952,,Android Phone,Transfers
ADF-2025-00089,2025-02-27 06:42:42,C10272,I had a problem using card controls.,Online Banking,Card Management,,Authentication error displayed,iPhone,Card Controls
ADF-2026-00090,2026-03-10 05:13:40,C10492,I am having trouble with a transfer.,Mobile Banking,General,SES-420436,,Android Tablet,Transfers
ADF-2025-00091,2025-10-28 08:24:18,C10376,It is difficult to find what I need.,Online Banking,Login,SES-166385,Timeout observed,Android Phone,Navigation / Usability
ADF-2025-00092,2025-01-16 11:54:42,C10212,It is difficult to find what I need.,Mobile Banking,Transfers,,Authentication error displayed,Desktop Browser,Navigation / Usability
ADF-2026-00093,2026-05-29 05:35:20,C10110,The digital banking experience is slow or unstable.,Mobile Banking,Settings,SES-234867,Authentication error displayed,Android Phone,Application Performance
ADF-2026-00094,2026-05-17 04:25:58,C10481,Feedback about my digital banking experience.,Mobile Banking,,SES-530715,Authentication error displayed,Android Tablet,General Feedback
ADF-2026-00095,2026-06-01 23:25:05,C10038,Mobile deposit is not working the way I expect.,Online Banking,General,,Submission included diagnostic context,Android Tablet,Mobile Deposit
ADF-2025-00096,2025-12-07 04:41:29,C10217,The digital banking experience is slow or unstable.,Online Banking,Transfers,SES-147032,,Android Phone,Application Performance
ADF-2026-00097,2026-08-24 11:00:09,C10085,I had a problem using card controls.,Online Banking,Card Management,,Submission included diagnostic context,Android Phone,Card Controls
ADF-2026-00098,2026-04-22 17:23:12,C10059,I am having trouble with a transfer.,Online Banking,General,SES-186155,,Desktop Browser,Transfers
ADF-2026-00099,2026-05-10 23:39:58,C10585,I had a problem using card controls.,Online Banking,Settings,,,Android Tablet,Card Controls
ADF-2025-00100,2025-07-10 03:22:31,C10500,Feedback about my digital banking experience.,Mobile Banking,Bill Pay,SES-142045,Slow response reported,iPhone,General Feedback
ADF-2026-00101,2026-01-15 04:15:51,C10588,I am having trouble with a transfer.,Online Banking,General,,No technical error captured,iPad,Transfers
ADF-2025-00102,2025-10-01 22:02:37,C10354,Bill pay is not working correctly for me.,Mobile Banking,,SES-964299,,iPhone,Bill Pay
ADF-2025-00103,2025-07-05 15:11:03,C10588,Bill pay is not working correctly for me.,Online Banking,Settings,,,,Bill Pay
ADF-2026-00104,2026-06-17 09:30:04,C10556,Bill pay is not working correctly for me.,Online Banking,Login,,Slow response reported,Android Tablet,Bill Pay
ADF-2026-00105,2026-03-31 18:50:49,C10437,I would like a change to this digital banking feature.,Online Banking,Accounts Overview,,,Android Tablet,Feature Request
ADF-2025-00106,2025-03-20 17:20:07,C10071,The digital banking experience is slow or unstable.,Online Banking,Mobile Deposit,SES-513814,,Android Tablet,Application Performance
ADF-2025-00107,2025-05-18 05:28:36,C10434,Bill pay is not working correctly for me.,Online Banking,Card Management,,Authentication error displayed,Android Tablet,Bill Pay
ADF-2025-00108,2025-10-09 22:42:55,C10073,The digital banking experience is slow or unstable.,Online Banking,Accounts Overview,,Timeout observed,iPad,Application Performance
ADF-2025-00109,2025-06-13 15:28:45,C10193,I am having trouble with a transfer.,Mobile Banking,Mobile Deposit,SES-992883,Authentication error displayed,Desktop Browser,Transfers
ADF-2026-00110,2026-03-12 16:17:09,C10054,I keep having trouble signing in.,Online Banking,,SES-252075,No technical error captured,iPhone,Authentication
ADF-2025-00111,2025-09-22 09:09:33,C10199,I had a problem using card controls.,Mobile Banking,Transfers,SES-118414,No technical error captured,iPhone,Card Controls
ADF-2025-00112,2025-02-16 14:53:44,C10091,I had a problem using card controls.,Mobile Banking,Login,,Submission included diagnostic context,Android Tablet,Card Controls
ADF-2025-00113,2025-04-22 13:28:41,C10365,I would like a change to this digital banking feature.,Online Banking,General,SES-925433,Submission included diagnostic context,iPad,Feature Request
ADF-2025-00114,2025-04-18 07:49:47,C10132,Mobile deposit is not working the way I expect.,Mobile Banking,Settings,SES-136482,Timeout observed,Android Phone,Mobile Deposit
ADF-2025-00115,2025-04-27 17:46:46,C10169,I had a problem using card controls.,Online Banking,Transfers,SES-174963,Submission included diagnostic context,Android Phone,Card Controls
ADF-2025-00116,2025-05-29 22:16:22,C10486,The digital banking experience is slow or unstable.,Mobile Banking,Accounts Overview,SES-382848,,Android Phone,Application Performance
ADF-2025-00117,2025-02-14 21:23:42,C10170,Feedback about my digital banking experience.,Online Banking,Transfers,,Slow response reported,iPad,General Feedback
ADF-2025-00118,2025-01-27 05:42:22,C10138,Mobile deposit is not working the way I expect.,Online Banking,Transfers,,,iPhone,Mobile Deposit
ADF-2025-00119,2025-12-12 10:10:12,C10071,It is difficult to find what I need.,Online Banking,Bill Pay,,,Desktop Browser,Navigation / Usability
ADF-2026-00120,2026-03-05 17:07:30,C10381,It is difficult to find what I need.,Online Banking,Accounts Overview,SES-247470,,Android Phone,Navigation / Usability
ADF-2026-00121,2026-03-05 07:13:39,C10593,I would like a change to this digital banking feature.,Online Banking,Settings,SES-553049,No technical error captured,,Feature Request
ADF-2025-00122,2025-07-29 07:13:26,C10395,I keep having trouble signing in.,Mobile Banking,,SES-674403,No technical error captured,Desktop Browser,Authentication
ADF-2025-00123,2025-09-04 01:16:44,C10370,Bill pay is not working correctly for me.,Online Banking,Bill Pay,,Timeout observed,Desktop Browser,Bill Pay
ADF-2026-00124,2026-05-31 06:26:14,C10591,It is difficult to find what I need.,Mobile Banking,General,,,iPad,Navigation / Usability
ADF-2025-00125,2025-06-02 16:46:32,C10336,Bill pay is not working correctly for me.,Mobile Banking,Mobile Deposit,SES-148000,,iPhone,Bill Pay
ADF-2025-00126,2025-11-15 04:50:57,C10564,It is difficult to find what I need.,Online Banking,Login,SES-101512,No technical error captured,Desktop Browser,Navigation / Usability
ADF-2026-00127,2026-01-13 02:24:07,C10140,It is difficult to find what I need.,Mobile Banking,Mobile Deposit,,Authentication error displayed,iPad,Navigation / Usability
ADF-2026-00128,2026-05-07 04:46:50,C10246,Feedback about my digital banking experience.,Online Banking,Card Management,SES-754935,,iPhone,General Feedback
ADF-2025-00129,2025-09-23 04:24:30,C10262,I am having trouble with a transfer.,Online Banking,Bill Pay,SES-190995,,Android Tablet,Transfers
ADF-2025-00130,2025-01-28 23:33:02,C10140,Feedback about my digital banking experience.,Mobile Banking,General,SES-912105,,Desktop Browser,General Feedback
ADF-2026-00131,2026-08-06 20:38:15,C10513,Bill pay is not working correctly for me.,Online Banking,,SES-438200,Timeout observed,Desktop Browser,Bill Pay
ADF-2026-00132,2026-05-06 20:16:25,C10001,I am having trouble with a transfer.,Mobile Banking,Card Management,SES-285840,Slow response reported,Android Tablet,Transfers
ADF-2026-00133,2026-08-25 05:10:31,C10108,I am having trouble with a transfer.,Mobile Banking,Accounts Overview,,Timeout observed,iPad,Transfers
ADF-2025-00134,2025-09-12 11:53:50,C10423,I keep having trouble signing in.,Online Banking,,SES-743250,Timeout observed,Desktop Browser,Authentication
ADF-2026-00135,2026-02-15 14:03:45,C10024,I had a problem using card controls.,Online Banking,Card Management,SES-831131,Timeout observed,,Card Controls
ADF-2025-00136,2025-07-14 17:14:45,C10270,It is difficult to find what I need.,Mobile Banking,Mobile Deposit,SES-121386,,iPad,Navigation / Usability
ADF-2025-00137,2025-10-14 05:57:38,C10092,Bill pay is not working correctly for me.,Mobile Banking,General,SES-824838,,iPad,Bill Pay
ADF-2025-00138,2025-05-11 03:18:33,C10436,It is difficult to find what I need.,Online Banking,Accounts Overview,SES-999839,No technical error captured,Desktop Browser,Navigation / Usability
ADF-2026-00139,2026-07-19 14:47:22,C10390,I had a problem using card controls.,Mobile Banking,Accounts Overview,,,Android Phone,Card Controls
ADF-2025-00140,2025-05-23 12:53:34,C10525,The digital banking experience is slow or unstable.,Online Banking,Card Management,SES-791608,Slow response reported,iPhone,Application Performance
ADF-2026-00141,2026-02-08 23:41:33,C10263,I am having trouble with a transfer.,Online Banking,Transfers,SES-391734,,iPad,Transfers
ADF-2025-00142,2025-01-13 02:08:11,C10297,It is difficult to find what I need.,Mobile Banking,Card Management,SES-761841,,Android Phone,Navigation / Usability
ADF-2025-00143,2025-12-06 16:50:41,C10320,I keep having trouble signing in.,Online Banking,,SES-500659,Timeout observed,Android Phone,Authentication
ADF-2025-00144,2025-08-31 21:28:50,C10288,Bill pay is not working correctly for me.,Online Banking,Card Management,SES-970351,Submission included diagnostic context,,Bill Pay
ADF-2025-00145,2025-09-20 15:32:45,C10055,I would like a change to this digital banking feature.,Mobile Banking,Mobile Deposit,SES-458713,,iPad,Feature Request
ADF-2026-00146,2026-08-30 20:58:14,C10593,The digital banking experience is slow or unstable.,Mobile Banking,,SES-296625,No technical error captured,Android Tablet,Application Performance
ADF-2026-00147,2026-03-19 21:05:32,C10080,I had a problem using card controls.,Online Banking,Mobile Deposit,SES-274332,Slow response reported,Android Tablet,Card Controls
ADF-2026-00148,2026-04-28 21:41:03,C10542,Feedback about my digital banking experience.,Online Banking,Login,,Submission included diagnostic context,Desktop Browser,General Feedback
ADF-2025-00149,2025-07-22 21:59:48,C10153,It is difficult to find what I need.,Mobile Banking,Bill Pay,,Submission included diagnostic context,iPhone,Navigation / Usability
ADF-2026-00150,2026-03-20 01:03:24,C10342,Feedback about my digital banking experience.,Online Banking,Accounts Overview,,Submission included diagnostic context,iPhone,General Feedback
ADF-2026-00151,2026-06-27 06:00:48,C10469,The digital banking experience is slow or unstable.,Mobile Banking,Card Management,SES-638810,Timeout observed,Android Phone,Application Performance
ADF-2025-00152,2025-08-08 05:34:04,C10061,I would like a change to this digital banking feature.,Mobile Banking,Card Management,,No technical error captured,,Feature Request
ADF-2025-00153,2025-02-27 15:23:45,C10530,It is difficult to find what I need.,Mobile Banking,Accounts Overview,SES-207523,No technical error captured,iPhone,Navigation / Usability
ADF-2026-00154,2026-03-21 03:16:15,C10347,Mobile deposit is not working the way I expect.,Mobile Banking,General,,,,Mobile Deposit
ADF-2026-00155,2026-02-22 15:41:13,C10198,I keep having trouble signing in.,Mobile Banking,Login,SES-710744,Submission included diagnostic context,Desktop Browser,Authentication
ADF-2025-00156,2025-01-16 14:26:26,C10121,Bill pay is not working correctly for me.,Mobile Banking,Transfers,,Slow response reported,Android Phone,Bill Pay
ADF-2025-00157,2025-03-01 08:24:37,C10199,Bill pay is not working correctly for me.,Online Banking,Mobile Deposit,SES-183385,,,Bill Pay
ADF-2025-00158,2025-08-10 12:58:26,C10458,I keep having trouble signing in.,Online Banking,,,Submission included diagnostic context,Desktop Browser,Authentication
ADF-2026-00159,2026-04-27 05:51:48,C10453,Feedback about my digital banking experience.,Online Banking,General,,Authentication error displayed,iPad,General Feedback
ADF-2025-00160,2025-04-22 15:35:50,C10391,I would like a change to this digital banking feature.,Online Banking,Card Management,SES-798856,No technical error captured,iPad,Feature Request
ADF-2025-00161,2025-10-28 06:52:51,C10021,I had a problem using card controls.,Online Banking,Settings,,Slow response reported,Android Phone,Card Controls
ADF-2025-00162,2025-04-13 16:21:16,C10097,I had a problem using card controls.,Online Banking,Card Management,,Submission included diagnostic context,iPhone,Card Controls
ADF-2026-00163,2026-01-02 02:43:15,C10253,It is difficult to find what I need.,Mobile Banking,,SES-759073,,Desktop Browser,Navigation / Usability
ADF-2026-00164,2026-07-05 19:46:13,C10585,Bill pay is not working correctly for me.,Mobile Banking,Mobile Deposit,SES-688517,,Android Phone,Bill Pay
ADF-2025-00165,2025-07-25 18:10:50,C10119,Mobile deposit is not working the way I expect.,Online Banking,,SES-146968,,iPhone,Mobile Deposit
ADF-2025-00166,2025-11-17 15:15:16,C10586,I would like a change to this digital banking feature.,Online Banking,Login,,,Android Phone,Feature Request
ADF-2026-00167,2026-04-22 11:24:43,C10567,Mobile deposit is not working the way I expect.,Online Banking,Card Management,SES-658752,Authentication error displayed,Android Tablet,Mobile Deposit
ADF-2025-00168,2025-03-28 21:00:30,C10172,It is difficult to find what I need.,Mobile Banking,Card Management,SES-541841,Authentication error displayed,Desktop Browser,Navigation / Usability
ADF-2025-00169,2025-09-23 08:09:37,C10062,I had a problem using card controls.,Mobile Banking,Card Management,SES-819179,No technical error captured,,Card Controls
ADF-2025-00170,2025-11-08 13:27:49,C10406,Feedback about my digital banking experience.,Online Banking,,,,Desktop Browser,General Feedback
ADF-2026-00171,2026-06-23 23:55:04,C10238,Bill pay is not working correctly for me.,Online Banking,,SES-544266,Authentication error displayed,Android Tablet,Bill Pay
ADF-2026-00172,2026-08-06 18:52:17,C10540,Feedback about my digital banking experience.,Mobile Banking,Bill Pay,SES-975911,Authentication error displayed,,General Feedback
ADF-2025-00173,2025-04-13 07:20:20,C10460,The digital banking experience is slow or unstable.,Mobile Banking,Mobile Deposit,SES-912100,,Android Tablet,Application Performance
ADF-2025-00174,2025-10-01 06:35:02,C10046,Bill pay is not working correctly for me.,Mobile Banking,General,SES-421689,No technical error captured,Android Tablet,Bill Pay
ADF-2025-00175,2025-04-29 22:19:07,C10279,Feedback about my digital banking experience.,Online Banking,Settings,,Timeout observed,iPhone,General Feedback
ADF-2025-00176,2025-06-09 06:51:18,C10560,I had a problem using card controls.,Mobile Banking,Card Management,,Timeout observed,iPhone,Card Controls
ADF-2025-00177,2025-10-27 02:13:42,C10241,Mobile deposit is not working the way I expect.,Mobile Banking,Bill Pay,,,Android Tablet,Mobile Deposit
ADF-2026-00178,2026-07-14 04:30:11,C10323,I had a problem using card controls.,Mobile Banking,Bill Pay,SES-296035,No technical error captured,iPhone,Card Controls
ADF-2026-00179,2026-08-16 01:42:27,C10487,Bill pay is not working correctly for me.,Online Banking,General,SES-476917,,,Bill Pay
ADF-2025-00180,2025-09-12 16:53:27,C10517,Bill pay is not working correctly for me.,Online Banking,Transfers,,No technical error captured,Android Phone,Bill Pay
ADF-2026-00181,2026-08-20 12:49:33,C10117,I keep having trouble signing in.,Mobile Banking,Login,,,,Authentication
ADF-2026-00182,2026-07-09 07:32:36,C10474,I had a problem using card controls.,Online Banking,,SES-222053,,Android Phone,Card Controls
ADF-2025-00183,2025-04-16 13:55:53,C10270,I keep having trouble signing in.,Online Banking,Accounts Overview,,,Android Tablet,Authentication
ADF-2025-00184,2025-12-21 16:35:37,C10292,Mobile deposit is not working the way I expect.,Mobile Banking,Card Management,SES-842626,No technical error captured,iPad,Mobile Deposit
ADF-2025-00185,2025-01-12 03:14:39,C10424,I keep having trouble signing in.,Mobile Banking,,SES-401903,No technical error captured,Android Phone,Authentication
ADF-2025-00186,2025-06-28 23:01:31,C10017,I would like a change to this digital banking feature.,Online Banking,Mobile Deposit,SES-766180,Submission included diagnostic context,iPad,Feature Request
ADF-2026-00187,2026-02-27 05:28:01,C10198,I had a problem using card controls.,Mobile Banking,Card Management,SES-881632,,Android Tablet,Card Controls
ADF-2025-00188,2025-12-06 20:34:28,C10271,Mobile deposit is not working the way I expect.,Mobile Banking,,SES-154095,Slow response reported,Android Phone,Mobile Deposit
ADF-2025-00189,2025-03-18 02:33:16,C10105,Mobile deposit is not working the way I expect.,Online Banking,Card Management,SES-129452,,iPad,Mobile Deposit
ADF-2026-00190,2026-01-05 20:59:15,C10474,I am having trouble with a transfer.,Mobile Banking,General,SES-810274,,,Transfers
ADF-2026-00191,2026-01-01 17:30:06,C10146,Mobile deposit is not working the way I expect.,Online Banking,Accounts Overview,SES-276245,,Android Tablet,Mobile Deposit
ADF-2026-00192,2026-07-17 16:47:37,C10412,It is difficult to find what I need.,Online Banking,,SES-101576,Slow response reported,Android Phone,Navigation / Usability
ADF-2026-00193,2026-07-31 05:33:53,C10357,Feedback about my digital banking experience.,Online Banking,Transfers,SES-228711,Submission included diagnostic context,iPhone,General Feedback
ADF-2025-00194,2025-06-14 17:58:07,C10593,I keep having trouble signing in.,Online Banking,Mobile Deposit,,No technical error captured,,Authentication
ADF-2025-00195,2025-12-02 16:49:46,C10263,Feedback about my digital banking experience.,Mobile Banking,Settings,SES-460680,,Android Phone,General Feedback
ADF-2026-00196,2026-08-20 07:22:02,C10468,I had a problem using card controls.,Mobile Banking,Login,SES-998348,,Desktop Browser,Card Controls
ADF-2025-00197,2025-07-30 15:26:43,C10332,I keep having trouble signing in.,Mobile Banking,Bill Pay,SES-995278,,Android Phone,Authentication
ADF-2026-00198,2026-01-24 08:31:07,C10347,I am having trouble with a transfer.,Mobile Banking,Bill Pay,,Timeout observed,Desktop Browser,Transfers
ADF-2025-00199,2025-04-27 08:29:20,C10213,It is difficult to find what I need.,Mobile Banking,,,Slow response reported,,Navigation / Usability
ADF-2025-00200,2025-05-09 16:03:20,C10367,Bill pay is not working correctly for me.,Mobile Banking,Login,,Authentication error displayed,iPad,Bill Pay
ADF-2025-00201,2025-04-10 00:30:37,C10302,I had a problem using card controls.,Online Banking,Settings,,Timeout observed,Android Phone,Card Controls
ADF-2026-00202,2026-08-18 07:52:28,C10023,I keep having trouble signing in.,Online Banking,Bill Pay,,,,Authentication
ADF-2026-00203,2026-08-05 23:32:30,C10554,I keep having trouble signing in.,Mobile Banking,Login,SES-243546,No technical error captured,,Authentication
ADF-2025-00204,2025-08-11 17:08:23,C10429,I keep having trouble signing in.,Online Banking,Transfers,SES-828856,Submission included diagnostic context,,Authentication
ADF-2026-00205,2026-03-23 03:55:26,C10113,I am having trouble with a transfer.,Mobile Banking,Accounts Overview,SES-325199,Slow response reported,iPhone,Transfers
ADF-2025-00206,2025-05-04 01:01:34,C10166,I am having trouble with a transfer.,Mobile Banking,Settings,SES-865935,Authentication error displayed,,Transfers
ADF-2025-00207,2025-09-25 11:14:04,C10363,I had a problem using card controls.,Mobile Banking,Bill Pay,SES-924953,No technical error captured,Android Tablet,Card Controls
ADF-2025-00208,2025-09-17 21:24:16,C10548,I keep having trouble signing in.,Online Banking,Accounts Overview,SES-619231,,iPhone,Authentication
ADF-2026-00209,2026-04-19 04:22:21,C10031,I would like a change to this digital banking feature.,Mobile Banking,,SES-275723,No technical error captured,Android Tablet,Feature Request
ADF-2025-00210,2025-08-11 03:42:26,C10113,Bill pay is not working correctly for me.,Mobile Banking,Login,SES-769395,,Android Tablet,Bill Pay
ADF-2026-00211,2026-07-08 01:41:20,C10435,Mobile deposit is not working the way I expect.,Online Banking,,SES-486625,Slow response reported,Desktop Browser,Mobile Deposit
ADF-2025-00212,2025-04-05 12:14:33,C10459,Bill pay is not working correctly for me.,Online Banking,Transfers,SES-186142,Submission included diagnostic context,,Bill Pay
ADF-2026-00213,2026-04-02 23:31:02,C10438,I am having trouble with a transfer.,Online Banking,Bill Pay,SES-181810,,iPad,Transfers
ADF-2025-00214,2025-08-26 07:00:06,C10004,I keep having trouble signing in.,Mobile Banking,Settings,,Authentication error displayed,Android Phone,Authentication
ADF-2026-00215,2026-01-05 07:34:24,C10352,I had a problem using card controls.,Mobile Banking,Card Management,,,iPhone,Card Controls
ADF-2025-00216,2025-07-27 04:53:20,C10301,Bill pay is not working correctly for me.,Online Banking,Settings,SES-812147,,Android Phone,Bill Pay
ADF-2025-00217,2025-10-02 11:44:02,C10533,I had a problem using card controls.,Mobile Banking,Bill Pay,SES-144875,Slow response reported,Desktop Browser,Card Controls
ADF-2026-00218,2026-04-29 07:05:59,C10069,Feedback about my digital banking experience.,Mobile Banking,Transfers,,,iPhone,General Feedback
ADF-2026-00219,2026-05-24 17:23:49,C10101,Feedback about my digital banking experience.,Mobile Banking,General,SES-498211,Slow response reported,iPhone,General Feedback
ADF-2025-00220,2025-10-12 17:09:20,C10379,Feedback about my digital banking experience.,Mobile Banking,Mobile Deposit,SES-838154,Timeout observed,,General Feedback
ADF-2025-00221,2025-03-07 11:27:01,C10180,I am having trouble with a transfer.,Online Banking,General,SES-693699,,iPad,Transfers
ADF-2026-00222,2026-07-27 05:05:19,C10004,Mobile deposit is not working the way I expect.,Mobile Banking,Transfers,SES-781294,No technical error captured,Android Phone,Mobile Deposit
ADF-2026-00223,2026-02-16 05:53:20,C10592,Bill pay is not working correctly for me.,Mobile Banking,,,,Android Tablet,Bill Pay
ADF-2026-00224,2026-02-02 03:22:56,C10089,I am having trouble with a transfer.,Mobile Banking,,SES-393357,,Android Phone,Transfers
ADF-2026-00225,2026-06-26 14:41:33,C10456,The digital banking experience is slow or unstable.,Mobile Banking,Bill Pay,,,iPad,Application Performance
ADF-2025-00226,2025-01-26 04:17:57,C10177,I had a problem using card controls.,Online Banking,General,SES-505746,No technical error captured,Android Tablet,Card Controls
ADF-2026-00227,2026-04-03 18:55:17,C10419,Feedback about my digital banking experience.,Mobile Banking,Accounts Overview,SES-303437,Submission included diagnostic context,iPad,General Feedback
ADF-2025-00228,2025-11-26 02:28:45,C10124,I had a problem using card controls.,Mobile Banking,Bill Pay,,Timeout observed,Desktop Browser,Card Controls
ADF-2025-00229,2025-08-20 18:26:12,C10088,I am having trouble with a transfer.,Online Banking,Login,SES-277091,Timeout observed,Android Phone,Transfers
ADF-2026-00230,2026-01-13 12:26:29,C10449,Mobile deposit is not working the way I expect.,Mobile Banking,Mobile Deposit,SES-266130,Timeout observed,Desktop Browser,Mobile Deposit
ADF-2025-00231,2025-02-21 19:10:40,C10453,I am having trouble with a transfer.,Mobile Banking,,SES-828713,,iPad,Transfers
ADF-2025-00232,2025-02-27 12:01:20,C10328,Mobile deposit is not working the way I expect.,Online Banking,General,,,,Mobile Deposit
ADF-2026-00233,2026-06-29 12:16:09,C10174,I would like a change to this digital banking feature.,Mobile Banking,Bill Pay,SES-505484,Slow response reported,Android Phone,Feature Request
ADF-2025-00234,2025-09-28 11:11:41,C10247,I would like a change to this digital banking feature.,Online Banking,Bill Pay,,Slow response reported,Android Phone,Feature Request
ADF-2025-00235,2025-10-31 08:18:13,C10322,The digital banking experience is slow or unstable.,Online Banking,Login,SES-226461,Timeout observed,Android Phone,Application Performance
ADF-2026-00236,2026-08-12 17:04:27,C10177,I would like a change to this digital banking feature.,Mobile Banking,Card Management,SES-292563,No technical error captured,,Feature Request
ADF-2026-00237,2026-03-05 15:33:44,C10529,Feedback about my digital banking experience.,Mobile Banking,General,SES-433407,,Android Tablet,General Feedback
ADF-2026-00238,2026-02-01 22:44:42,C10088,I would like a change to this digital banking feature.,Mobile Banking,General,,Authentication error displayed,Android Tablet,Feature Request
ADF-2025-00239,2025-12-18 12:22:16,C10304,I had a problem using card controls.,Mobile Banking,Accounts Overview,SES-541199,,Android Phone,Card Controls
ADF-2025-00240,2025-08-17 11:17:40,C10576,Bill pay is not working correctly for me.,Online Banking,Card Management,SES-749747,Timeout observed,Android Tablet,Bill Pay
ADF-2025-00241,2025-05-15 02:00:02,C10217,I would like a change to this digital banking feature.,Online Banking,Mobile Deposit,SES-856925,Authentication error displayed,Android Phone,Feature Request
ADF-2025-00242,2025-06-02 18:06:29,C10231,Mobile deposit is not working the way I expect.,Online Banking,Settings,,,Android Tablet,Mobile Deposit
ADF-2026-00243,2026-06-30 07:12:58,C10592,Feedback about my digital banking experience.,Online Banking,,SES-502904,,iPad,General Feedback
ADF-2025-00244,2025-01-12 17:22:50,C10026,It is difficult to find what I need.,Mobile Banking,Bill Pay,SES-182824,,Desktop Browser,Navigation / Usability
ADF-2025-00245,2025-12-26 08:22:15,C10182,Feedback about my digital banking experience.,Online Banking,Settings,SES-732649,Authentication error displayed,iPad,General Feedback
ADF-2025-00246,2025-01-11 06:49:33,C10013,I am having trouble with a transfer.,Mobile Banking,Bill Pay,SES-113264,No technical error captured,Desktop Browser,Transfers
ADF-2025-00247,2025-08-14 05:05:38,C10040,It is difficult to find what I need.,Mobile Banking,Card Management,,,Android Tablet,Navigation / Usability
ADF-2025-00248,2025-01-24 18:02:57,C10387,I would like a change to this digital banking feature.,Online Banking,Card Management,SES-409441,No technical error captured,iPhone,Feature Request
ADF-2025-00249,2025-03-19 19:47:16,C10323,I would like a change to this digital banking feature.,Mobile Banking,General,SES-227009,Timeout observed,Android Phone,Feature Request
ADF-2025-00250,2025-06-15 09:13:24,C10515,I would like a change to this digital banking feature.,Mobile Banking,,SES-724762,Authentication error displayed,iPhone,Feature Request
ADF-2025-00251,2025-09-27 09:50:06,C10074,It is difficult to find what I need.,Mobile Banking,Login,SES-669571,No technical error captured,Android Phone,Navigation / Usability
ADF-2025-00252,2025-01-14 21:40:26,C10585,Feedback about my digital banking experience.,Mobile Banking,Bill Pay,SES-139638,,,General Feedback
ADF-2025-00253,2025-04-08 13:43:06,C10192,It is difficult to find what I need.,Mobile Banking,Bill Pay,SES-742342,,iPhone,Navigation / Usability
ADF-2025-00254,2025-02-06 20:49:35,C10329,I am having trouble with a transfer.,Mobile Banking,General,,,iPad,Transfers
ADF-2026-00255,2026-03-06 19:52:36,C10423,I would like a change to this digital banking feature.,Online Banking,General,SES-187019,Slow response reported,iPhone,Feature Request
ADF-2026-00256,2026-02-16 07:59:08,C10228,I am having trouble with a transfer.,Mobile Banking,Transfers,SES-910959,Slow response reported,Android Tablet,Transfers
ADF-2026-00257,2026-01-23 12:34:13,C10441,Feedback about my digital banking experience.,Mobile Banking,Transfers,SES-556946,,Desktop Browser,General Feedback
ADF-2026-00258,2026-06-18 06:32:56,C10438,Bill pay is not working correctly for me.,Mobile Banking,Mobile Deposit,,,Android Phone,Bill Pay
ADF-2026-00259,2026-02-03 14:53:38,C10138,It is difficult to find what I need.,Mobile Banking,Accounts Overview,SES-354657,,Desktop Browser,Navigation / Usability
ADF-2025-00260,2025-11-25 07:23:27,C10227,Bill pay is not working correctly for me.,Mobile Banking,Bill Pay,SES-821906,Submission included diagnostic context,iPhone,Bill Pay
ADF-2026-00261,2026-06-28 13:29:39,C10116,I had a problem using card controls.,Online Banking,General,SES-360335,Slow response reported,Desktop Browser,Card Controls
ADF-2025-00262,2025-11-14 09:47:31,C10499,Mobile deposit is not working the way I expect.,Mobile Banking,Mobile Deposit,SES-921429,Slow response reported,iPhone,Mobile Deposit
ADF-2025-00263,2025-12-02 18:07:17,C10417,I am having trouble with a transfer.,Mobile Banking,Settings,SES-705411,,Android Tablet,Transfers
ADF-2026-00264,2026-06-19 14:37:34,C10275,I keep having trouble signing in.,Online Banking,Settings,SES-362240,,iPad,Authentication
ADF-2025-00265,2025-06-29 09:59:56,C10499,It is difficult to find what I need.,Mobile Banking,Accounts Overview,SES-672731,Timeout observed,Android Tablet,Navigation / Usability
ADF-2025-00266,2025-11-03 22:10:19,C10403,I would like a change to this digital banking feature.,Online Banking,Mobile Deposit,,,,Feature Request
ADF-2026-00267,2026-01-24 22:22:39,C10244,I would like a change to this digital banking feature.,Online Banking,Mobile Deposit,SES-366345,,Android Tablet,Feature Request
ADF-2025-00268,2025-11-15 12:00:28,C10213,I had a problem using card controls.,Online Banking,Transfers,SES-673478,Slow response reported,Android Tablet,Card Controls
ADF-2025-00269,2025-10-07 12:23:45,C10469,The digital banking experience is slow or unstable.,Online Banking,Bill Pay,SES-712257,,iPhone,Application Performance
ADF-2025-00270,2025-11-02 22:43:52,C10482,Mobile deposit is not working the way I expect.,Online Banking,Login,SES-911700,No technical error captured,,Mobile Deposit
ADF-2025-00271,2025-11-29 18:36:14,C10131,Feedback about my digital banking experience.,Online Banking,,SES-824576,,Android Phone,General Feedback
ADF-2026-00272,2026-02-21 18:42:41,C10527,The digital banking experience is slow or unstable.,Mobile Banking,General,SES-837172,Submission included diagnostic context,iPhone,Application Performance
ADF-2025-00273,2025-02-09 21:43:34,C10313,I keep having trouble signing in.,Mobile Banking,Card Management,SES-434144,Timeout observed,iPhone,Authentication
ADF-2025-00274,2025-04-23 04:22:29,C10167,The digital banking experience is slow or unstable.,Online Banking,Login,SES-341322,,Android Phone,Application Performance
ADF-2025-00275,2025-04-25 16:03:32,C10175,I would like a change to this digital banking feature.,Mobile Banking,Login,SES-239460,,Desktop Browser,Feature Request
ADF-2026-00276,2026-03-30 03:31:33,C10457,Feedback about my digital banking experience.,Online Banking,,,Timeout observed,Android Tablet,General Feedback
ADF-2025-00277,2025-03-07 00:00:17,C10434,It is difficult to find what I need.,Mobile Banking,Transfers,SES-523913,,Android Phone,Navigation / Usability
ADF-2025-00278,2025-08-27 05:19:09,C10086,Feedback about my digital banking experience.,Mobile Banking,Transfers,SES-357170,Submission included diagnostic context,Desktop Browser,General Feedback
ADF-2026-00279,2026-06-19 15:47:02,C10421,The digital banking experience is slow or unstable.,Online Banking,,,Submission included diagnostic context,,Application Performance
ADF-2026-00280,2026-06-23 11:12:48,C10514,I would like a change to this digital banking feature.,Mobile Banking,Accounts Overview,SES-833038,,iPad,Feature Request
ADF-2025-00281,2025-04-27 06:17:48,C10141,It is difficult to find what I need.,Online Banking,Transfers,SES-927801,No technical error captured,Android Phone,Navigation / Usability
ADF-2026-00282,2026-01-09 19:03:31,C10292,It is difficult to find what I need.,Mobile Banking,,,,iPhone,Navigation / Usability
ADF-2025-00283,2025-04-29 09:27:23,C10342,I had a problem using card controls.,Online Banking,,SES-437441,,Desktop Browser,Card Controls
ADF-2025-00284,2025-02-01 23:14:38,C10288,Feedback about my digital banking experience.,Mobile Banking,Card Management,SES-683873,,iPhone,General Feedback
ADF-2025-00285,2025-03-30 07:51:22,C10076,I would like a change to this digital banking feature.,Mobile Banking,Settings,SES-876259,,iPhone,Feature Request
ADF-2026-00286,2026-02-10 20:12:40,C10284,Feedback about my digital banking experience.,Mobile Banking,Login,,,Android Tablet,General Feedback
ADF-2026-00287,2026-03-10 14:12:50,C10183,Feedback about my digital banking experience.,Online Banking,Accounts Overview,SES-814125,,Desktop Browser,General Feedback
ADF-2026-00288,2026-06-11 08:49:40,C10159,I keep having trouble signing in.,Online Banking,Login,SES-866521,,Android Phone,Authentication
ADF-2026-00289,2026-05-03 03:26:24,C10481,It is difficult to find what I need.,Mobile Banking,Login,SES-508843,No technical error captured,Android Tablet,Navigation / Usability
ADF-2025-00290,2025-10-20 13:42:32,C10256,I would like a change to this digital banking feature.,Online Banking,Card Management,SES-681853,Timeout observed,Desktop Browser,Feature Request
ADF-2025-00291,2025-11-04 17:21:53,C10531,Mobile deposit is not working the way I expect.,Mobile Banking,,SES-554102,No technical error captured,Desktop Browser,Mobile Deposit
ADF-2025-00292,2025-09-27 00:20:33,C10053,I had a problem using card controls.,Mobile Banking,Settings,SES-153829,Timeout observed,iPad,Card Controls
ADF-2025-00293,2025-03-19 14:33:47,C10187,Bill pay is not working correctly for me.,Online Banking,Mobile Deposit,SES-812147,,Desktop Browser,Bill Pay
ADF-2026-00294,2026-04-27 12:14:15,C10438,I had a problem using card controls.,Online Banking,Transfers,,,Android Phone,Card Controls
ADF-2026-00295,2026-05-09 01:33:54,C10576,I keep having trouble signing in.,Online Banking,Transfers,,,Android Phone,Authentication
ADF-2025-00296,2025-06-10 21:41:02,C10599,Bill pay is not working correctly for me.,Online Banking,,SES-351726,,,Bill Pay
ADF-2026-00297,2026-01-30 11:56:36,C10074,It is difficult to find what I need.,Mobile Banking,Mobile Deposit,SES-795150,Slow response reported,Android Phone,Navigation / Usability
ADF-2026-00298,2026-07-11 11:39:55,C10344,It is difficult to find what I need.,Mobile Banking,Settings,,,Android Tablet,Navigation / Usability
ADF-2026-00299,2026-06-08 01:14:05,C10069,I would like a change to this digital banking feature.,Online Banking,Settings,,,iPad,Feature Request
ADF-2026-00300,2026-04-24 16:03:04,C10267,I had a problem using card controls.,Mobile Banking,Transfers,SES-876671,,Android Phone,Card Controls
ADF-2025-00301,2025-05-26 11:57:20,C10411,Bill pay is not working correctly for me.,Mobile Banking,Login,SES-987825,,iPhone,Bill Pay
ADF-2026-00302,2026-08-14 09:06:11,C10198,Mobile deposit is not working the way I expect.,Mobile Banking,Accounts Overview,,,Android Tablet,Mobile Deposit
ADF-2025-00303,2025-04-12 10:00:09,C10482,I keep having trouble signing in.,Online Banking,Bill Pay,,Submission included diagnostic context,iPhone,Authentication
ADF-2026-00304,2026-08-12 11:13:49,C10025,Bill pay is not working correctly for me.,Online Banking,,SES-323773,Timeout observed,Desktop Browser,Bill Pay
ADF-2025-00305,2025-11-17 23:51:36,C10042,I keep having trouble signing in.,Mobile Banking,Settings,,,,Authentication
ADF-2026-00306,2026-04-01 03:50:31,C10120,Feedback about my digital banking experience.,Online Banking,Accounts Overview,SES-769296,,Android Phone,General Feedback
ADF-2025-00307,2025-11-18 08:24:14,C10123,It is difficult to find what I need.,Online Banking,Transfers,SES-172490,Slow response reported,Android Tablet,Navigation / Usability
ADF-2025-00308,2025-06-01 05:51:00,C10506,Feedback about my digital banking experience.,Mobile Banking,,,,Android Phone,General Feedback
ADF-2026-00309,2026-05-30 11:58:48,C10436,I am having trouble with a transfer.,Mobile Banking,Login,SES-162717,Authentication error displayed,Android Phone,Transfers
ADF-2025-00310,2025-08-14 09:40:38,C10144,It is difficult to find what I need.,Online Banking,Card Management,SES-876740,Slow response reported,Android Tablet,Navigation / Usability
ADF-2025-00311,2025-07-26 00:11:46,C10014,I would like a change to this digital banking feature.,Online Banking,,SES-796756,,Desktop Browser,Feature Request
ADF-2025-00312,2025-01-09 10:30:34,C10579,I would like a change to this digital banking feature.,Mobile Banking,General,SES-578494,Timeout observed,iPhone,Feature Request
ADF-2026-00313,2026-05-21 18:11:20,C10077,It is difficult to find what I need.,Online Banking,Login,SES-377930,Authentication error displayed,Android Phone,Navigation / Usability
ADF-2025-00314,2025-02-13 04:38:44,C10161,I had a problem using card controls.,Online Banking,Transfers,SES-716115,Slow response reported,iPhone,Card Controls
ADF-2025-00315,2025-11-22 13:34:45,C10273,Mobile deposit is not working the way I expect.,Online Banking,Login,SES-669531,Timeout observed,Android Phone,Mobile Deposit
ADF-2026-00316,2026-01-26 00:06:49,C10298,The digital banking experience is slow or unstable.,Mobile Banking,Login,SES-787014,Submission included diagnostic context,,Application Performance
ADF-2025-00317,2025-03-12 23:18:17,C10547,Bill pay is not working correctly for me.,Mobile Banking,General,SES-340615,Submission included diagnostic context,iPad,Bill Pay
ADF-2026-00318,2026-04-30 21:02:05,C10200,I would like a change to this digital banking feature.,Mobile Banking,Login,SES-894432,,Android Phone,Feature Request
ADF-2025-00319,2025-10-09 06:06:21,C10567,Mobile deposit is not working the way I expect.,Mobile Banking,Accounts Overview,SES-596268,,Desktop Browser,Mobile Deposit
ADF-2026-00320,2026-02-05 06:05:50,C10581,I am having trouble with a transfer.,Mobile Banking,Card Management,SES-308674,,,Transfers
ADF-2025-00321,2025-01-24 01:36:26,C10214,I am having trouble with a transfer.,Mobile Banking,,SES-686341,,Android Tablet,Transfers
ADF-2026-00322,2026-04-04 22:35:46,C10469,The digital banking experience is slow or unstable.,Online Banking,Bill Pay,SES-379299,,iPhone,Application Performance
ADF-2026-00323,2026-06-10 06:13:51,C10342,Feedback about my digital banking experience.,Mobile Banking,,SES-102792,,Android Phone,General Feedback
ADF-2025-00324,2025-02-09 13:26:06,C10182,Mobile deposit is not working the way I expect.,Online Banking,Card Management,SES-967014,Timeout observed,Android Phone,Mobile Deposit
ADF-2025-00325,2025-03-08 17:57:41,C10410,Feedback about my digital banking experience.,Mobile Banking,Card Management,,,Android Tablet,General Feedback
ADF-2025-00326,2025-01-05 02:09:16,C10557,The digital banking experience is slow or unstable.,Mobile Banking,Mobile Deposit,,Slow response reported,Android Phone,Application Performance
ADF-2025-00327,2025-11-17 01:19:52,C10256,Mobile deposit is not working the way I expect.,Mobile Banking,,SES-830155,,iPhone,Mobile Deposit
ADF-2025-00328,2025-03-22 12:56:46,C10251,Bill pay is not working correctly for me.,Online Banking,Mobile Deposit,,Timeout observed,,Bill Pay
ADF-2025-00329,2025-06-20 06:03:14,C10496,I am having trouble with a transfer.,Online Banking,Settings,SES-597233,Slow response reported,Android Phone,Transfers
ADF-2025-00330,2025-08-27 20:01:13,C10261,The digital banking experience is slow or unstable.,Online Banking,Mobile Deposit,SES-271373,Slow response reported,,Application Performance
ADF-2025-00331,2025-07-30 04:56:16,C10272,It is difficult to find what I need.,Mobile Banking,Bill Pay,SES-676098,Submission included diagnostic context,iPad,Navigation / Usability
ADF-2026-00332,2026-07-12 11:53:43,C10073,It is difficult to find what I need.,Online Banking,Mobile Deposit,SES-291077,Authentication error displayed,iPad,Navigation / Usability
ADF-2026-00333,2026-06-03 07:18:18,C10371,Mobile deposit is not working the way I expect.,Mobile Banking,General,SES-617036,,Android Phone,Mobile Deposit
ADF-2025-00334,2025-11-28 00:03:19,C10519,Feedback about my digital banking experience.,Mobile Banking,,SES-171821,No technical error captured,Android Phone,General Feedback
ADF-2026-00335,2026-03-26 04:52:28,C10116,I would like a change to this digital banking feature.,Online Banking,,SES-557633,Slow response reported,iPhone,Feature Request
ADF-2025-00336,2025-12-29 10:23:47,C10188,I would like a change to this digital banking feature.,Online Banking,General,SES-849375,,Android Tablet,Feature Request
ADF-2025-00337,2025-01-20 20:58:45,C10036,I would like a change to this digital banking feature.,Online Banking,Settings,SES-800656,No technical error captured,Android Tablet,Feature Request
ADF-2026-00338,2026-02-03 10:44:24,C10528,It is difficult to find what I need.,Online Banking,Mobile Deposit,SES-706046,,iPad,Navigation / Usability
ADF-2026-00339,2026-08-21 21:26:08,C10091,I am having trouble with a transfer.,Mobile Banking,Card Management,SES-862300,Authentication error displayed,Android Tablet,Transfers
ADF-2026-00340,2026-08-12 07:25:55,C10266,Bill pay is not working correctly for me.,Online Banking,Login,SES-157450,Submission included diagnostic context,iPad,Bill Pay
ADF-2025-00341,2025-03-04 09:34:23,C10562,I had a problem using card controls.,Mobile Banking,Transfers,SES-481116,Timeout observed,Android Tablet,Card Controls
ADF-2026-00342,2026-03-29 02:40:41,C10432,It is difficult to find what I need.,Mobile Banking,Card Management,SES-955246,No technical error captured,iPhone,Navigation / Usability
ADF-2026-00343,2026-05-10 09:48:59,C10480,Feedback about my digital banking experience.,Mobile Banking,Transfers,SES-972173,Authentication error displayed,iPhone,General Feedback
ADF-2025-00344,2025-06-19 05:54:29,C10203,I am having trouble with a transfer.,Mobile Banking,Settings,SES-951515,No technical error captured,Desktop Browser,Transfers
ADF-2025-00345,2025-04-29 23:18:01,C10394,The digital banking experience is slow or unstable.,Online Banking,Bill Pay,,No technical error captured,Android Phone,Application Performance
ADF-2025-00346,2025-03-20 12:31:55,C10407,I had a problem using card controls.,Online Banking,Accounts Overview,SES-514045,Slow response reported,iPad,Card Controls
ADF-2026-00347,2026-01-08 11:29:47,C10476,I would like a change to this digital banking feature.,Online Banking,Transfers,SES-320728,,Android Phone,Feature Request
ADF-2025-00348,2025-08-09 21:06:54,C10014,I am having trouble with a transfer.,Online Banking,Card Management,SES-116360,,Desktop Browser,Transfers
ADF-2025-00349,2025-03-10 19:57:31,C10593,The digital banking experience is slow or unstable.,Mobile Banking,Mobile Deposit,,,Android Phone,Application Performance
ADF-2025-00350,2025-04-27 07:50:46,C10232,I had a problem using card controls.,Online Banking,Bill Pay,SES-696928,,iPhone,Card Controls
ADF-2025-00351,2025-01-22 16:52:30,C10116,It is difficult to find what I need.,Online Banking,Bill Pay,SES-568807,Timeout observed,,Navigation / Usability
ADF-2026-00352,2026-01-01 09:55:22,C10359,Feedback about my digital banking experience.,Mobile Banking,Mobile Deposit,SES-788277,,Desktop Browser,General Feedback
ADF-2025-00353,2025-09-05 04:06:45,C10313,I would like a change to this digital banking feature.,Online Banking,Card Management,SES-929573,Timeout observed,Desktop Browser,Feature Request
ADF-2025-00354,2025-10-31 04:12:37,C10164,I keep having trouble signing in.,Mobile Banking,Transfers,SES-851573,Timeout observed,Android Tablet,Authentication
ADF-2025-00355,2025-12-27 21:06:52,C10503,I am having trouble with a transfer.,Mobile Banking,Accounts Overview,SES-451647,Authentication error displayed,iPhone,Transfers
ADF-2025-00356,2025-05-05 21:55:23,C10445,Bill pay is not working correctly for me.,Online Banking,Mobile Deposit,SES-123786,No technical error captured,Desktop Browser,Bill Pay
ADF-2025-00357,2025-03-08 14:41:36,C10240,I am having trouble with a transfer.,Online Banking,Card Management,,,,Transfers
ADF-2025-00358,2025-10-16 10:04:43,C10048,Bill pay is not working correctly for me.,Mobile Banking,Settings,SES-779397,,iPad,Bill Pay
ADF-2026-00359,2026-07-13 03:58:41,C10352,The digital banking experience is slow or unstable.,Mobile Banking,Card Management,,No technical error captured,Android Tablet,Application Performance
ADF-2026-00360,2026-08-07 09:15:45,C10172,Feedback about my digital banking experience.,Online Banking,Card Management,SES-547301,No technical error captured,Android Phone,General Feedback
ADF-2026-00361,2026-08-08 05:16:34,C10041,I had a problem using card controls.,Mobile Banking,Accounts Overview,,,Desktop Browser,Card Controls
ADF-2025-00362,2025-11-28 05:16:35,C10001,I had a problem using card controls.,Online Banking,Mobile Deposit,SES-188798,No technical error captured,iPad,Card Controls
ADF-2025-00363,2025-07-30 15:20:10,C10130,I had a problem using card controls.,Online Banking,General,SES-508376,Authentication error displayed,Desktop Browser,Card Controls
ADF-2025-00364,2025-05-27 06:42:50,C10529,I had a problem using card controls.,Online Banking,Settings,SES-934572,No technical error captured,,Card Controls
ADF-2026-00365,2026-03-01 04:14:31,C10256,I keep having trouble signing in.,Mobile Banking,Transfers,SES-865294,,iPhone,Authentication
ADF-2025-00366,2025-06-23 19:08:21,C10208,Bill pay is not working correctly for me.,Mobile Banking,Card Management,SES-333980,,Android Tablet,Bill Pay
ADF-2025-00367,2025-04-07 06:11:02,C10438,The digital banking experience is slow or unstable.,Mobile Banking,,SES-218557,,Android Tablet,Application Performance
ADF-2025-00368,2025-01-05 22:38:44,C10600,I would like a change to this digital banking feature.,Online Banking,Accounts Overview,SES-706668,No technical error captured,iPhone,Feature Request
ADF-2026-00369,2026-07-05 05:04:43,C10362,I had a problem using card controls.,Mobile Banking,,SES-983745,,Android Phone,Card Controls
ADF-2026-00370,2026-01-21 01:50:39,C10439,I keep having trouble signing in.,Online Banking,Transfers,,,Android Tablet,Authentication
ADF-2025-00371,2025-08-23 06:31:17,C10568,Mobile deposit is not working the way I expect.,Online Banking,Transfers,SES-178291,,Android Phone,Mobile Deposit
ADF-2025-00372,2025-12-26 00:46:49,C10247,Feedback about my digital banking experience.,Online Banking,,SES-309145,Slow response reported,iPhone,General Feedback
ADF-2025-00373,2025-08-21 22:36:51,C10371,I would like a change to this digital banking feature.,Mobile Banking,Bill Pay,,Timeout observed,iPad,Feature Request
ADF-2026-00374,2026-06-25 22:34:39,C10240,I keep having trouble signing in.,Online Banking,Accounts Overview,,Slow response reported,Desktop Browser,Authentication
ADF-2026-00375,2026-05-11 01:31:54,C10425,Feedback about my digital banking experience.,Mobile Banking,,,,iPad,General Feedback
ADF-2025-00376,2025-09-19 10:52:53,C10085,Mobile deposit is not working the way I expect.,Online Banking,,,No technical error captured,Android Tablet,Mobile Deposit
ADF-2026-00377,2026-03-03 03:16:42,C10113,I had a problem using card controls.,Online Banking,,SES-471772,Authentication error displayed,Android Phone,Card Controls
ADF-2025-00378,2025-06-30 02:08:46,C10502,Mobile deposit is not working the way I expect.,Online Banking,Mobile Deposit,SES-345831,,iPhone,Mobile Deposit
ADF-2026-00379,2026-04-12 04:35:31,C10487,Mobile deposit is not working the way I expect.,Mobile Banking,Accounts Overview,,,iPhone,Mobile Deposit
ADF-2026-00380,2026-08-26 10:42:55,C10098,Feedback about my digital banking experience.,Online Banking,Bill Pay,SES-295247,Timeout observed,Android Tablet,General Feedback
ADF-2025-00381,2025-10-16 14:55:09,C10405,I keep having trouble signing in.,Mobile Banking,Bill Pay,,Submission included diagnostic context,Android Tablet,Authentication
ADF-2025-00382,2025-08-28 12:54:23,C10097,Feedback about my digital banking experience.,Online Banking,General,SES-206174,Slow response reported,,General Feedback
ADF-2025-00383,2025-09-30 04:19:18,C10218,I keep having trouble signing in.,Mobile Banking,Mobile Deposit,SES-743044,,iPad,Authentication
ADF-2025-00384,2025-01-02 13:00:16,C10445,It is difficult to find what I need.,Mobile Banking,Login,,,,Navigation / Usability
ADF-2025-00385,2025-09-08 08:41:29,C10219,The digital banking experience is slow or unstable.,Online Banking,Bill Pay,SES-159482,Authentication error displayed,,Application Performance
ADF-2025-00386,2025-04-16 00:41:12,C10360,Feedback about my digital banking experience.,Mobile Banking,,SES-404396,Timeout observed,iPhone,General Feedback
ADF-2026-00387,2026-03-01 09:23:27,C10278,Bill pay is not working correctly for me.,Online Banking,Settings,SES-629814,Submission included diagnostic context,,Bill Pay
ADF-2025-00388,2025-12-08 13:52:56,C10241,I am having trouble with a transfer.,Mobile Banking,,SES-912175,No technical error captured,Android Phone,Transfers
ADF-2026-00389,2026-05-23 20:42:42,C10502,I am having trouble with a transfer.,Online Banking,Bill Pay,SES-613002,Authentication error displayed,Android Tablet,Transfers
ADF-2025-00390,2025-10-19 07:53:30,C10269,Mobile deposit is not working the way I expect.,Online Banking,Settings,SES-453574,Slow response reported,Desktop Browser,Mobile Deposit
ADF-2026-00391,2026-01-21 00:58:41,C10198,Mobile deposit is not working the way I expect.,Online Banking,Mobile Deposit,SES-217144,,Desktop Browser,Mobile Deposit
ADF-2026-00392,2026-01-12 11:57:22,C10074,Feedback about my digital banking experience.,Mobile Banking,Settings,SES-217214,Slow response reported,,General Feedback
ADF-2025-00393,2025-06-29 01:03:09,C10382,I had a problem using card controls.,Mobile Banking,General,,,Android Tablet,Card Controls
ADF-2026-00394,2026-07-28 00:44:07,C10341,I had a problem using card controls.,Mobile Banking,,SES-877205,Submission included diagnostic context,Android Tablet,Card Controls
ADF-2026-00395,2026-01-25 16:24:25,C10163,I would like a change to this digital banking feature.,Mobile Banking,Mobile Deposit,SES-344580,,Desktop Browser,Feature Request
ADF-2026-00396,2026-05-16 13:50:45,C10365,I had a problem using card controls.,Online Banking,General,SES-876316,Timeout observed,Desktop Browser,Card Controls
ADF-2025-00397,2025-07-24 11:38:31,C10539,It is difficult to find what I need.,Online Banking,,,,Android Phone,Navigation / Usability
ADF-2025-00398,2025-04-13 19:35:32,C10247,I am having trouble with a transfer.,Online Banking,General,SES-832869,No technical error captured,iPad,Transfers
ADF-2025-00399,2025-02-05 02:27:53,C10510,Bill pay is not working correctly for me.,Online Banking,Login,,,Desktop Browser,Bill Pay
ADF-2026-00400,2026-04-15 03:59:32,C10491,I am having trouble with a transfer.,Mobile Banking,,SES-864652,Timeout observed,iPad,Transfers
ADF-2025-00401,2025-10-02 14:33:16,C10031,I would like a change to this digital banking feature.,Mobile Banking,Settings,SES-919405,Slow response reported,Android Phone,Feature Request
ADF-2026-00402,2026-05-07 21:25:30,C10406,I would like a change to this digital banking feature.,Online Banking,Transfers,SES-419528,Slow response reported,Android Tablet,Feature Request
ADF-2025-00403,2025-04-26 20:23:25,C10449,The digital banking experience is slow or unstable.,Mobile Banking,,SES-939287,No technical error captured,iPad,Application Performance
ADF-2025-00404,2025-07-10 15:08:29,C10180,I keep having trouble signing in.,Online Banking,Settings,SES-217027,No technical error captured,iPad,Authentication
ADF-2025-00405,2025-05-20 16:22:41,C10496,Feedback about my digital banking experience.,Online Banking,Login,SES-317566,No technical error captured,Android Tablet,General Feedback
ADF-2026-00406,2026-08-03 10:53:14,C10326,Feedback about my digital banking experience.,Online Banking,Mobile Deposit,SES-136510,,Android Tablet,General Feedback
ADF-2025-00407,2025-06-28 23:06:51,C10452,Feedback about my digital banking experience.,Online Banking,Settings,SES-362708,No technical error captured,Desktop Browser,General Feedback
ADF-2026-00408,2026-01-07 20:44:16,C10423,Mobile deposit is not working the way I expect.,Mobile Banking,General,,Submission included diagnostic context,iPad,Mobile Deposit
ADF-2025-00409,2025-06-03 17:42:48,C10220,I had a problem using card controls.,Mobile Banking,General,,,iPhone,Card Controls
ADF-2025-00410,2025-09-02 21:50:40,C10586,Mobile deposit is not working the way I expect.,Mobile Banking,,SES-640124,Authentication error displayed,Android Tablet,Mobile Deposit
ADF-2025-00411,2025-09-14 00:27:18,C10533,Bill pay is not working correctly for me.,Online Banking,,SES-999617,,Desktop Browser,Bill Pay
ADF-2025-00412,2025-06-01 02:54:21,C10252,Mobile deposit is not working the way I expect.,Online Banking,General,,Slow response reported,iPhone,Mobile Deposit
ADF-2025-00413,2025-07-03 16:10:17,C10200,I had a problem using card controls.,Mobile Banking,Transfers,SES-472351,,,Card Controls
ADF-2026-00414,2026-07-24 00:43:09,C10069,The digital banking experience is slow or unstable.,Online Banking,Login,,,iPad,Application Performance
ADF-2025-00415,2025-07-23 08:15:53,C10441,I keep having trouble signing in.,Mobile Banking,,SES-947047,Slow response reported,Desktop Browser,Authentication
ADF-2026-00416,2026-03-30 07:24:31,C10445,Feedback about my digital banking experience.,Mobile Banking,Accounts Overview,SES-306218,Slow response reported,Android Phone,General Feedback
ADF-2025-00417,2025-03-26 14:31:26,C10049,I am having trouble with a transfer.,Mobile Banking,Accounts Overview,SES-154089,,iPad,Transfers
ADF-2026-00418,2026-04-07 17:03:00,C10177,The digital banking experience is slow or unstable.,Mobile Banking,Mobile Deposit,SES-724970,,iPhone,Application Performance
ADF-2025-00419,2025-03-29 07:16:02,C10274,I would like a change to this digital banking feature.,Mobile Banking,Bill Pay,SES-552090,Timeout observed,,Feature Request
ADF-2026-00420,2026-02-12 19:54:57,C10510,Bill pay is not working correctly for me.,Online Banking,Bill Pay,SES-971032,Timeout observed,,Bill Pay
ADF-2026-00421,2026-04-12 01:49:10,C10237,The digital banking experience is slow or unstable.,Mobile Banking,Transfers,SES-520638,,Android Phone,Application Performance
ADF-2025-00422,2025-07-26 03:35:05,C10199,Feedback about my digital banking experience.,Mobile Banking,Settings,SES-161718,No technical error captured,Android Tablet,General Feedback
ADF-2025-00423,2025-02-12 03:11:46,C10541,It is difficult to find what I need.,Mobile Banking,Accounts Overview,SES-643361,No technical error captured,Android Tablet,Navigation / Usability
ADF-2025-00424,2025-06-19 16:25:57,C10562,I am having trouble with a transfer.,Online Banking,Settings,SES-930864,Submission included diagnostic context,Android Tablet,Transfers
ADF-2025-00425,2025-08-16 18:50:34,C10108,Bill pay is not working correctly for me.,Online Banking,Transfers,SES-805771,,iPhone,Bill Pay
ADF-2026-00426,2026-02-08 12:35:32,C10393,It is difficult to find what I need.,Mobile Banking,,SES-327746,,Android Phone,Navigation / Usability
ADF-2025-00427,2025-02-27 09:51:48,C10455,I keep having trouble signing in.,Online Banking,Transfers,SES-778450,,iPhone,Authentication
ADF-2025-00428,2025-08-05 16:10:50,C10295,Bill pay is not working correctly for me.,Mobile Banking,,SES-581530,No technical error captured,iPad,Bill Pay
ADF-2025-00429,2025-03-24 12:47:12,C10015,I keep having trouble signing in.,Online Banking,Bill Pay,SES-417511,Timeout observed,Desktop Browser,Authentication
ADF-2026-00430,2026-06-08 03:55:40,C10276,I am having trouble with a transfer.,Online Banking,,SES-263107,Timeout observed,iPad,Transfers
ADF-2025-00431,2025-10-03 15:22:54,C10498,I had a problem using card controls.,Online Banking,Bill Pay,,,Android Tablet,Card Controls
ADF-2026-00432,2026-03-12 23:12:46,C10141,Mobile deposit is not working the way I expect.,Online Banking,,,No technical error captured,Android Tablet,Mobile Deposit
ADF-2026-00433,2026-04-17 15:02:34,C10340,The digital banking experience is slow or unstable.,Mobile Banking,General,SES-162842,Slow response reported,Android Tablet,Application Performance
ADF-2026-00434,2026-06-25 17:05:06,C10519,I had a problem using card controls.,Mobile Banking,Settings,SES-827354,No technical error captured,iPhone,Card Controls
ADF-2026-00435,2026-02-11 00:56:43,C10228,Bill pay is not working correctly for me.,Online Banking,,SES-107865,Slow response reported,iPad,Bill Pay
ADF-2026-00436,2026-07-21 08:00:18,C10537,The digital banking experience is slow or unstable.,Online Banking,Transfers,SES-836458,Authentication error displayed,Desktop Browser,Application Performance
ADF-2025-00437,2025-02-18 10:55:47,C10576,I had a problem using card controls.,Online Banking,Settings,SES-777005,,Desktop Browser,Card Controls
ADF-2026-00438,2026-01-29 13:34:23,C10008,Feedback about my digital banking experience.,Online Banking,Mobile Deposit,SES-169886,,Desktop Browser,General Feedback
ADF-2025-00439,2025-09-22 15:36:47,C10142,Feedback about my digital banking experience.,Mobile Banking,General,,Submission included diagnostic context,,General Feedback
ADF-2026-00440,2026-06-23 19:36:49,C10350,It is difficult to find what I need.,Online Banking,Transfers,SES-192797,,iPad,Navigation / Usability
ADF-2025-00441,2025-06-16 04:02:33,C10467,I keep having trouble signing in.,Mobile Banking,Accounts Overview,SES-955315,,Android Phone,Authentication
ADF-2026-00442,2026-01-27 08:05:05,C10108,Feedback about my digital banking experience.,Mobile Banking,Settings,,No technical error captured,Android Tablet,General Feedback
ADF-2025-00443,2025-05-06 06:52:33,C10330,I would like a change to this digital banking feature.,Mobile Banking,Bill Pay,SES-166749,Submission included diagnostic context,Android Tablet,Feature Request
ADF-2025-00444,2025-04-10 05:34:45,C10271,It is difficult to find what I need.,Mobile Banking,Accounts Overview,,,iPad,Navigation / Usability
ADF-2025-00445,2025-03-13 18:30:15,C10469,Bill pay is not working correctly for me.,Online Banking,Accounts Overview,SES-110043,,Desktop Browser,Bill Pay
ADF-2025-00446,2025-03-10 19:32:28,C10033,It is difficult to find what I need.,Online Banking,Transfers,,No technical error captured,Desktop Browser,Navigation / Usability
ADF-2026-00447,2026-01-29 16:15:56,C10344,It is difficult to find what I need.,Online Banking,Mobile Deposit,SES-755876,Timeout observed,Desktop Browser,Navigation / Usability
ADF-2026-00448,2026-01-28 23:45:51,C10403,I keep having trouble signing in.,Mobile Banking,Accounts Overview,SES-904665,Slow response reported,Android Phone,Authentication
ADF-2025-00449,2025-07-05 17:42:53,C10058,Bill pay is not working correctly for me.,Online Banking,General,,,iPad,Bill Pay
ADF-2026-00450,2026-08-08 08:39:39,C10570,I keep having trouble signing in.,Mobile Banking,,SES-448674,,Android Tablet,Authentication
